start_PC,furthest_PC,length_bytes,leaped_to,leaped_from,instructions
0800,0800,3,0,1,1
2800,2811,19,1,1,8
2813,2826,21,1,1,11
2821,2826,7,33023,33023,132092
2828,282d,7,129,129,516
282f,282f,3,1,1,1
5f32,5f52,34,1,1,15
5f34,5f52,32,3,3,42
5f4b,5f52,9,32764,32764,131056
5f54,5f5f,13,128,128,640
5f61,5f64,5,4,4,8
5f66,5f66,3,1,1,1
5f7d,5f97,28,1,1,12
5f9a,5fa3,12,1,1,5
6056,6075,33,1,1,17
6099,6099,3,1,1,1
609c,60a1,8,1,1,3
60a4,60ad,11,1,1,6
60bf,60e4,40,1,1,18
60e4,60e4,3,84,84,84
60e7,60e9,4,85,85,170
60eb,60eb,3,85,85,85
60ee,60f0,4,84,84,168
60f5,60f7,4,84,84,168
6107,6107,3,84,84,84
610a,610c,4,84,84,168
610e,610e,3,84,84,84
6111,6111,3,84,84,84
6114,6116,4,84,84,168
6118,6118,2,84,84,84
6199,619d,6,289,289,867
619b,619d,4,1,1,2
619f,61a2,5,290,290,580
61a4,61a7,5,290,290,580
61a9,61ac,5,290,290,580
61ae,61af,3,290,290,580
61b1,61b2,3,2,2,4
61b4,61b6,4,1,1,2
61b8,61ba,4,1,1,2
61bc,61cd,20,1,1,9
6238,6256,32,1,1,17
6252,6256,6,30,30,90
6258,625e,8,1,1,4
625a,625e,6,5,5,15
6260,6264,7,1,1,3
6267,6286,33,1,1,15
6269,6286,31,15,15,210
627e,6286,10,432,432,2160
6288,628a,4,224,224,448
628c,6298,14,224,224,2016
6292,6298,8,224,224,896
629c,62a6,12,448,448,2688
62a8,62ae,8,16,16,64
62b0,62b0,3,1,1,1
62b3,62b3,2,1,1,1
62c3,62c3,1,1,1,1
630e,6314,8,1,1,4
6345,6356,19,1,1,10
6350,6356,8,255,255,1020
6358,6358,1,1,1,1
63b3,63d0,31,1,1,14
63b7,63d0,27,15,15,180
63cc,63d0,6,432,432,1296
63d2,63d4,4,448,448,896
63d6,63da,6,5,5,15
63dc,63ee,20,5,5,50
63f0,63f2,4,443,443,886
63f4,63f6,4,14,14,28
63f8,63fa,4,429,429,858
63fc,6400,6,3,3,9
6402,6424,36,3,3,48
6426,6426,2,15,15,15
6428,6428,2,432,432,432
642a,642c,4,426,426,852
642e,6430,4,1,1,2
6432,6448,24,1,1,12
644a,644c,4,425,425,850
6450,6450,3,448,448,448
6453,6457,6,448,448,1344
6459,645d,6,16,16,48
645f,6461,4,1,1,2
6463,6465,4,1,1,2
648b,648b,3,1,1,1
648e,64a4,24,1,1,11
6492,64a4,20,15,15,135
64a0,64a4,6,432,432,1296
64a6,64a8,4,447,447,894
64aa,64ac,5,4,4,8
64af,64b3,6,448,448,1344
64b5,64b9,6,16,16,48
64bb,64bc,2,1,1,2
64bd,64c3,8,85,85,340
64c5,64c5,2,6,6,6
64c7,64c7,3,6,6,6
64cd,64df,20,79,79,711
64e1,64e3,4,74,74,148
64eb,64ef,6,74,74,222
64f1,64f5,6,74,74,222
64f7,650e,25,74,74,814
6510,6512,4,74,74,148
6514,6518,6,74,74,222
6522,6522,3,79,79,79
6584,6586,4,79,79,158
658f,6595,9,79,79,316
6598,659c,6,79,79,237
65a4,65a6,4,79,79,158
65ae,65b0,4,79,79,158
65b2,65b2,3,1,1,1
65b5,65b5,2,1,1,1
65b7,65b7,1,1,1,1
65b8,65ba,4,78,78,156
65c2,65c6,6,78,78,234
65c8,65c8,3,76,76,76
65cb,65cd,4,2,2,4
65d2,65d2,1,2,2,2
65d3,65ea,25,76,76,836
65ec,65ee,4,46,46,92
65f0,65f5,7,46,46,184
65f7,65f9,4,46,46,92
65fb,65fd,4,46,46,92
6600,6600,3,76,76,76
6603,6603,3,76,76,76
6606,660a,7,76,76,228
660d,660f,4,76,76,152
6611,6617,8,15,15,60
661b,6628,15,15,15,120
662a,662a,3,61,61,61
662d,6633,8,76,76,304
6635,6639,6,76,76,228
663f,663f,3,76,76,76
6642,6642,3,76,76,76
67db,67eb,18,1,1,9
67e7,67eb,6,6,6,18
67ed,67ee,4,7,7,14
67f1,67f3,4,7,7,14
67f5,67fa,7,7,7,28
67fc,67fe,5,7,7,14
6801,6808,9,7,7,35
680a,680a,3,7,7,7
680d,680d,3,7,7,7
6810,6810,3,7,7,7
6813,6813,3,7,7,7
6816,681e,11,7,7,28
6821,6827,8,7,7,28
6829,682d,7,6,6,18
682b,682d,5,1,1,2
6830,6834,6,7,7,21
6836,6838,4,7,7,14
683a,6843,12,6,6,36
6846,6847,4,6,6,12
684a,6859,18,6,6,54
684c,6859,16,1,1,8
685c,685d,4,7,7,14
6860,6867,10,7,7,28
686a,686d,4,7,7,21
69b8,69bb,5,79,79,158
69bd,69c1,6,79,79,237
69c3,69c6,5,79,79,158
69c8,69cb,5,79,79,158
69d6,69d8,4,79,79,158
69da,6a0a,49,3,3,84
69f2,6a0a,25,76,76,1140
6a12,6a16,6,79,79,237
6b85,6b89,7,166,166,498
6b8c,6b92,9,166,166,664
6b95,6b9c,8,166,166,664
6b9d,6ba1,6,62,62,186
6ba3,6ba7,6,16,16,48
6ba9,6bbb,20,16,16,144
6bbd,6bcd,19,1,1,9
6bd0,6bd4,7,1,1,3
6bd7,6bd9,5,1,1,2
6bdc,6be0,7,1,1,3
6be3,6be3,3,1,1,1
6bf3,6bf3,1,62,62,62
6bf4,6bf8,6,76,76,228
6bfa,6bfc,3,26,26,52
6bfd,6bff,4,76,76,152
6c01,6c01,1,50,50,50
6c02,6c02,3,83,83,83
6c05,6c05,3,83,83,83
6c08,6c0a,4,83,83,166
6c12,6c12,1,83,83,83
6c13,6c17,6,7,7,21
6c19,6c19,2,6,6,6
6c20,6c22,5,1,1,2
6c25,6c25,1,6,6,6
6c26,6c2a,6,83,83,249
6c2c,6c2c,2,83,83,83
6c38,6c38,1,83,83,83
6c82,6c84,4,84,84,168
6c86,6c8c,8,84,84,336
6c8e,6c99,13,28,28,168
6c92,6c99,9,56,56,224
6c97,6c99,4,28,28,56
6c9b,6c9b,3,112,112,112
6c9e,6ca0,4,112,112,224
6ca2,6ca4,4,112,112,224
6ca6,6ca6,1,84,84,84
6cdb,6ce1,8,112,112,448
6ce3,6ce7,7,37,37,111
6ce7,6ce7,3,75,75,75
6cea,6cec,4,112,112,224
6cee,6cee,2,112,112,112
6d08,6d1a,20,112,112,1008
6d1c,6d1e,4,40,40,80
6d26,6d2a,6,40,40,120
6d2c,6d30,6,40,40,120
6d32,6d49,25,40,40,440
6d4b,6d4d,4,40,40,80
6d4f,6d51,4,40,40,80
6d53,6d57,6,40,40,120
6d59,6d5b,4,6,6,12
6d5d,6d5f,4,6,6,12
6d61,6d61,3,112,112,112
6e85,6e89,7,112,112,336
6e8c,6e96,11,112,112,784
6f26,6f26,3,60,60,60
6f29,6f2d,7,76,76,228
6f30,6f30,3,76,76,76
6f33,6f33,3,76,76,76
6f36,6f36,3,76,76,76
6f39,6f3d,6,76,76,228
6f3f,6f43,6,48,48,144
6f45,6f56,19,48,48,432
6f58,6f5a,4,48,48,96
6f5c,6f5e,4,48,48,96
6f63,6f63,3,76,76,76
6f66,6f66,3,76,76,76
6f69,6f69,3,76,76,76
6f6c,6f85,27,76,76,912
6f87,6f87,3,16,16,16
6f8a,6f90,8,16,16,64
6f94,6faa,24,16,16,176
6fae,6fb6,11,16,16,80
6fb9,6fb9,3,60,60,60
6fbc,6fd3,25,26,26,286
6fd5,6fd7,4,18,18,36
6fd9,6fde,7,18,18,72
6fe0,6fe2,4,18,18,36
6fe4,6fe6,4,18,18,36
6fe8,6fec,6,18,18,54
6ff1,6ff1,3,26,26,26
6ff4,6ff4,3,26,26,26
6ff7,6ff7,3,26,26,26
6ffa,7000,8,26,26,104
7002,7002,3,6,6,6
7005,700b,8,6,6,24
700f,7018,11,6,6,36
701c,7024,10,6,6,30
7026,7026,3,20,20,20
7029,702f,8,26,26,104
7031,7035,6,26,26,78
703b,703b,3,26,26,26
703e,703e,3,26,26,26
7041,7041,3,26,26,26
7044,7044,3,26,26,26
7047,705e,25,10,10,110
7060,7064,6,8,8,24
7066,706b,7,8,8,32
706d,706f,4,8,8,16
7071,7073,4,8,8,16
7075,7079,6,8,8,24
707e,707e,3,10,10,10
7081,7081,3,10,10,10
7084,7084,3,10,10,10
7087,7091,12,10,10,60
7093,7093,3,2,2,2
7096,709c,8,2,2,8
70a0,70a9,11,2,2,12
70ad,70b5,10,2,2,10
70b7,70b7,3,8,8,8
70ba,70c0,8,10,10,40
70c2,70c6,6,10,10,30
70cc,70cc,3,10,10,10
70cf,70cf,3,10,10,10
70d2,70d2,3,10,10,10
70d5,70d5,3,10,10,10
70d8,70ec,22,112,112,1120
70f7,70fb,6,112,112,336
70fd,70fd,3,110,110,110
7100,7106,8,2,2,8
7108,711c,22,4,4,40
711e,7120,4,4,4,8
7122,7126,6,4,4,12
7128,7138,18,4,4,32
713a,713c,4,4,4,8
713e,7142,6,4,4,12
7144,7146,3,2,2,4
7186,7192,15,110,110,770
7195,7195,3,110,110,110
7198,7198,3,110,110,110
719b,719b,3,110,110,110
719e,71a0,3,110,110,220
71a1,71a1,1,110,110,110
71a2,71a6,6,518,518,1554
71a8,71ac,6,408,408,1224
71ae,71be,18,408,408,3264
71c0,71c2,4,194,194,388
71c4,71c8,7,161,161,483
71cb,71cd,5,161,161,322
71d0,71d2,4,161,161,322
71d4,71dc,10,50,50,250
71da,71dc,4,358,358,716
71de,71ee,18,408,408,3264
71f0,71f4,7,26,26,78
71f7,71f9,5,26,26,52
71fc,71fe,4,26,26,52
7206,7208,5,408,408,816
720b,720b,1,110,110,110
720c,7210,6,960,960,2880
7212,7216,6,850,850,2550
7218,7228,18,850,850,6800
722a,722c,4,422,422,844
722e,7232,7,389,389,1167
7235,7237,5,389,389,778
723a,723c,4,389,389,778
723e,7246,10,8,8,40
7244,7246,4,842,842,1684
7248,7258,18,850,850,6800
725a,725e,7,98,98,294
7261,7263,5,98,98,196
7266,7268,4,98,98,196
7270,7272,5,850,850,1700
7275,7279,6,110,110,330
727b,728b,18,110,110,880
728d,728f,4,76,76,152
7291,7295,7,76,76,228
7298,729a,5,76,76,152
729d,729f,4,76,76,152
72a1,72a9,10,76,76,380
72a7,72a9,4,34,34,68
72ab,72bb,18,110,110,880
72bd,72c1,7,70,70,210
72c4,72c6,5,70,70,140
72c9,72cb,4,70,70,140
72d3,72d3,1,110,110,110
72d4,72d8,6,820,820,2460
72da,72dc,4,300,300,600
72de,72e2,5,221,221,884
72e3,72ea,8,79,79,395
72eb,72eb,2,520,520,520
72f4,72fc,9,520,520,3120
7300,7314,22,194,194,1940
7304,7314,18,392,392,3136
7316,731a,6,586,586,1758
731c,7321,7,556,556,2224
7323,7325,4,473,473,946
7327,7329,4,473,473,946
732b,733e,21,473,473,4730
7340,7346,8,133,133,532
734a,734e,6,453,453,1359
7350,7363,21,453,453,4530
7365,7367,4,392,392,784
7369,736b,4,392,392,784
736d,7380,21,392,392,3920
7382,7388,8,61,61,244
738c,7390,6,392,392,1176
7392,7392,3,392,392,392
7397,7399,3,194,194,388
739a,739c,3,626,626,1252
739d,73b1,22,626,626,6260
73a1,73b1,18,1791,1791,14328
73b3,73b5,4,1791,1791,3582
73b7,73c9,20,1791,1791,16119
73cb,73cd,4,1276,1276,2552
73cf,73d4,7,1153,1153,4612
73d6,73e9,21,765,765,7650
73eb,73ed,4,675,675,1350
73ef,73f1,4,675,675,1350
73f3,73f9,8,519,519,2076
73fb,73ff,6,1276,1276,3828
7401,7406,7,1276,1276,5104
7408,741b,21,960,960,9600
741d,741f,4,870,870,1740
7421,7423,4,829,829,1658
7425,742b,8,447,447,1788
742d,7433,8,1791,1791,7164
7435,7435,3,1791,1791,1791
743e,7446,10,110,110,550
7444,7446,4,354,354,708
7448,745b,21,418,418,4180
745d,745f,4,408,408,816
7461,7463,4,408,408,816
7465,7467,4,387,387,774
7469,746d,6,332,332,996
746f,7480,19,332,332,2988
7482,7484,4,139,139,278
7486,7488,4,106,106,212
748a,748c,4,354,354,708
748e,7494,8,54,54,216
7490,7494,6,869,869,2607
7496,74a9,21,870,870,8700
74ab,74ad,4,850,850,1700
74af,74b1,4,850,850,1700
74b3,74b5,4,759,759,1518
74b7,74bb,6,473,473,1419
74bd,74ce,19,473,473,4257
74d0,74d2,4,77,77,154
74d4,74d6,4,44,44,88
74d8,74da,4,813,813,1626
74dc,74de,3,37,37,74
74de,74de,1,73,73,73
74df,74e3,7,224,224,672
74e6,74ec,9,224,224,896
74ef,74f6,8,224,224,896
74f7,74fb,6,96,96,288
74fd,7501,6,66,66,198
7503,7515,20,18,18,162
753d,753d,1,96,96,96
753e,7540,4,24,24,48
7573,7573,1,24,24,24
7574,7578,6,112,112,336
757a,757c,3,51,51,102
757d,757f,4,108,108,216
7581,7581,1,61,61,61
7582,7586,6,76,76,228
7588,7588,2,74,74,74
758a,758c,5,4,4,8
758f,7591,5,2,2,4
7594,7594,1,70,70,70
7595,7599,6,36,36,108
759b,759b,2,34,34,34
75a2,75a4,5,2,2,4
75a7,75a7,1,34,34,34
75a8,75cd,38,112,112,1792
75ce,75f3,38,112,112,1792
75f4,75f4,3,84,84,84
75f7,75fd,8,84,84,336
75ff,760a,13,3,3,18
7603,760a,9,81,81,324
7605,760a,7,2520,2520,7560
760c,760c,3,2604,2604,2604
770d,7710,5,2604,2604,7812
7712,7712,3,2520,2520,2520
7715,7715,1,84,84,84
7716,7718,4,84,84,168
771a,7720,8,84,84,336
771d,7720,5,168,168,336
7765,7766,3,252,252,504
7768,776b,4,84,84,252
79ad,79ad,3,1,1,1
79b0,79b0,3,1,1,1
79b3,79b9,8,1,1,4
79bb,79d9,32,20,20,260
79db,79db,2,1,1,1
79fd,7a05,11,1,1,5
7a25,7a25,3,1,1,1
7a28,7a28,3,1,1,1
7a2b,7a2e,6,1,1,3
7a31,7a3d,13,5654,5654,33924
7a3e,7a50,19,30406,30406,273654
7a51,7a55,6,1,1,3
7a57,7a67,18,1,1,10
7a5b,7a67,14,1,1,8
7a64,7a67,5,16382,16382,49146
7a69,7a6d,6,64,64,192
7a6f,7a6f,1,2,2,2
7a70,7a76,9,2,2,8
7a74,7a76,5,2,2,4
7a79,7a7f,9,4,4,16
7a82,7a84,5,4,4,8
7a87,7a89,5,4,4,8
7a8c,7a90,6,2,2,6
7a92,7ab4,37,2,2,40
7ab7,7ab9,5,2,2,4
7abc,7abe,5,2,2,4
7ac1,7ac3,5,2,2,4
7ac6,7ac8,5,2,2,4
7acb,7acd,5,2,2,4
7ad0,7ad2,5,2,2,4
7ad5,7ad7,5,2,2,4
7ada,7adc,5,2,2,4
7adf,7ae1,5,2,2,4
7ae4,7ae6,5,2,2,4
7ae9,7af7,15,8,8,80
7af8,7b00,10,4,4,20
7b08,7b0a,4,4,4,8
7b12,7b14,3,4,4,8
7b15,7b1c,9,26,26,130
7b1e,7b1e,3,26,26,26
7b21,7b23,3,26,26,52
7b2a,7b2c,4,28,28,56
7b2e,7b30,4,13,13,26
7b32,7b36,6,15,15,45
7b5f,7b63,5,15,15,60
7b60,7b63,4,13,13,39
7b64,7b66,4,28,28,56
7b68,7b68,3,28,28,28
7b6b,7b6f,6,28,28,84
7b71,7b71,3,28,28,28
7b74,7b76,3,28,28,56
82aa,82ae,6,61,61,183
82b0,82b8,11,453,453,2265
82b4,82b8,7,61,61,183
82bb,82bf,7,514,514,1542
82c2,82d0,17,514,514,3598
82d3,82dd,12,514,514,3084
82df,82e1,5,4037,4037,8074
82e4,82fe,28,4037,4037,64592
8300,8300,1,367,367,367
8301,8303,5,1617,1617,3234
8306,8325,33,1617,1617,30723
8327,8327,1,147,147,147
8336,833a,7,202,202,606
833d,8341,7,202,202,606
8344,834e,12,202,202,1212
8350,8352,5,1782,1782,3564
8355,8373,32,1782,1782,32076
8375,8375,1,162,162,162
8376,8378,5,440,440,880
837b,83a4,43,440,440,10560
83a6,83a6,1,40,40,40
83a7,83ab,7,202,202,606
83ae,83b2,7,202,202,606
83b5,83c1,14,202,202,1414
83c3,83c5,5,1782,1782,3564
83c8,83f2,44,1782,1782,42768
83f4,83f4,1,162,162,162
83f5,83f7,5,440,440,880
83fa,8435,61,440,440,14520
8437,8437,1,40,40,40
8438,84be,136,918,918,56916
8455,84be,107,9180,9180,459000
84c0,84c0,1,918,918,918
86b1,86b8,9,156,156,780
86b5,86b8,5,2050,2050,6150
86b7,86b8,3,394874,394874,789748
86ba,86bb,3,2206,2206,4412
86bd,86bd,1,166,166,166
86e0,86e6,8,1,1,5
86e8,86ec,6,29,29,87
86ee,86ee,3,28,28,28
86f1,86f3,4,29,29,58
86f9,86ff,7,1,1,5
87ba,87c0,8,13,13,52
87be,87c0,4,235,235,470
87c5,87c6,3,10463,10462,20924
87c8,87ca,4,53,53,106
87cc,87cd,3,10450,10450,20900
87cf,87d1,5,235,235,470
87d4,87d4,1,12,12,12
87d5,87e0,12,7,7,42
87e1,87e7,8,1,1,5
87e9,87ed,6,7,7,21
87ef,87fe,17,6,6,48
8802,8804,4,7,7,14
880a,8810,7,1,1,5
8811,8813,4,169,169,338
8815,881b,9,13,13,39
881e,8828,12,12,12,72
882a,882a,2,11,11,11
882c,882d,4,10,10,20
8830,8831,2,12,12,24
8832,8834,4,156,156,312
8844,8846,5,156,156,312
8849,884a,2,156,156,312
884b,885c,18,14,14,112
885d,8867,11,1308,1308,9156
8868,8871,10,514,514,3084
8872,887b,10,404,404,2424
887c,887e,5,390,390,1170
8881,8889,9,390,390,2730
888f,8891,5,390,390,1170
8894,889c,9,390,390,2730
88a2,88ac,12,1,1,6
88bd,88c5,11,1,1,5
88c8,88c8,3,1,1,1
88cb,88cb,3,169,169,169
88ce,88d4,8,169,169,676
88d6,88d6,1,1,1,1
88d7,892a,86,169,169,7774
892d,8935,11,169,169,845
8938,894a,21,169,169,1859
894d,8955,10,169,169,845
8951,8955,6,10150,10150,30450
8957,8957,2,10319,10319,10319
8959,895d,6,169,169,507
895f,8963,6,83,83,249
8965,8965,3,83,83,83
8968,8968,1,86,86,86
8969,896d,6,10319,10319,30957
896f,896f,3,10150,10150,10150
8972,8974,4,10150,10150,20300
8976,89a4,49,5849,5849,157923
89a7,89e8,67,4301,4301,163438
89ec,89ee,4,4301,4301,8602
89f0,89f4,6,37,37,111
89f2,89f4,4,4264,4264,8528
89f6,8a02,14,613,613,4291
89fc,8a02,8,3688,3688,14752
8a04,8a10,14,611,611,4277
8a0a,8a10,8,3690,3690,14760
8a12,8a16,6,2,2,6
8a14,8a16,4,10148,10148,20296
8a1a,8a20,8,10150,10150,40600
8a22,8a2e,14,1378,1378,9646
8a28,8a2e,8,8772,8772,35088
8a30,8a34,6,44,44,132
8a32,8a34,4,10106,10106,20212
8a38,8a3a,4,10150,10150,20300
8a3c,8a42,9,1522,1522,6088
8a42,8a42,3,8628,8628,8628
8a45,8a53,16,507,507,5070
8a4c,8a53,9,3549,3549,21294
8a55,8a57,5,1190,1190,2380
8a5a,8a5d,5,2866,2866,8598
8a5c,8a5d,3,1190,1190,2380
8a5f,8a5f,2,507,507,507
8a61,8a68,8,338,338,1690
8a64,8a68,5,169,169,507
8a69,8a6b,4,10233,10233,20466
8a6d,8a71,6,10197,10197,30591
8a73,8a73,3,3424,3424,3424
8a76,8a7a,6,3424,3424,10272
8a7c,8a7e,5,3424,3424,6848
8a81,8a85,6,3424,3424,10272
8a87,8a89,5,3424,3424,6848
8a8c,8a8e,4,10233,10233,20466
8a90,8a94,6,3503,3503,10509
8a96,8a96,3,3503,3503,3503
8a99,8a9d,6,3503,3503,10509
8a9f,8aa1,5,3503,3503,7006
8aa4,8aa8,6,3503,3503,10509
8aaa,8aac,5,3503,3503,7006
8aaf,8ab1,4,10233,10233,20466
8ab3,8ab7,6,10233,10233,30699
8ab9,8ab9,3,9495,9495,9495
8abc,8ac0,6,9495,9495,28485
8ac2,8ac4,5,7622,7622,15244
8ac7,8acb,6,9495,9495,28485
8acd,8acf,5,7700,7700,15400
8ad2,8ad4,4,10233,10233,20466
8ad6,8ada,6,9540,9540,28620
8adc,8adc,3,9540,9540,9540
8adf,8ae3,6,9540,9540,28620
8ae5,8ae7,5,7663,7663,15326
8aea,8aee,6,9540,9540,28620
8af0,8af2,5,7742,7742,15484
8af5,8af5,1,2491,2491,2491
8af6,8af8,4,44581,44581,89162
8b02,8b0b,10,44581,44581,222905
