source_stretch_start,leap_from_PC,opcode,outcome,target_stretch_start,count
0800,0800,$4C,,2800,1
2800,2811,$F0,fall_through,2813,1
2813,,,glide,2821,1
2821,2826,$D0,fall_through,2828,129
2821,2826,$D0,taken,2821,32895
2828,282d,$D0,fall_through,282f,1
2828,282d,$D0,taken,2821,128
282f,282f,$4C,,5f32,1
5f32,,,glide,5f34,1
5f34,,,glide,5f4b,4
5f4b,5f52,$D0,fall_through,5f54,128
5f4b,5f52,$D0,taken,5f4b,32640
5f54,5f5f,$D0,fall_through,5f61,4
5f54,5f5f,$D0,taken,5f4b,124
5f61,5f64,$D0,fall_through,5f66,1
5f61,5f64,$D0,taken,5f34,3
5f66,5f66,$4C,,5f7d,1
5f7d,5f97,$F0,taken,5f9a,1
5f9a,5fa3,$4C,,619b,1
6056,6075,$F0,taken,6099,1
6099,6099,$20,,79ad,1
609c,60a1,$20,,6238,1
60a4,60ad,$F0,taken,60bf,1
60bf,,,glide,60e4,1
60e4,60e4,$20,,64bd,85
60e7,60e9,$F0,fall_through,60eb,85
60eb,60eb,$20,,8811,85
60ee,60f0,$D0,taken,60f5,84
60f5,60f7,$D0,taken,6107,84
6107,6107,$20,,75f4,84
610a,610c,$F0,fall_through,610e,84
610e,610e,$20,,8811,84
6111,6111,$20,,6c82,84
6114,6116,$F0,fall_through,6118,84
6118,6118,$D0,taken,60e4,84
6199,,,glide,619b,289
619b,619d,$F0,fall_through,619f,290
619f,61a2,$30,fall_through,61a4,290
61a4,61a7,$30,fall_through,61a9,290
61a9,61ac,$30,fall_through,61ae,290
61ae,61af,$D0,fall_through,61b1,2
61ae,61af,$D0,taken,6199,288
61b1,61b2,$D0,fall_through,61b4,1
61b1,61b2,$D0,taken,6199,1
61b4,61b6,$D0,fall_through,61b8,1
61b8,61ba,$D0,fall_through,61bc,1
61bc,61cd,$4C,,6056,1
6238,,,glide,6252,1
6252,6256,$10,fall_through,6258,1
6252,6256,$10,taken,6252,30
6258,,,glide,625a,1
625a,625e,$10,fall_through,6260,1
625a,625e,$10,taken,625a,5
6260,6264,$20,,630e,1
6267,,,glide,6269,1
6269,,,glide,627e,16
627e,6286,$B0,fall_through,6288,224
627e,6286,$B0,taken,628c,224
6288,628a,$10,taken,6292,224
628c,,,glide,6292,224
6292,6298,$90,taken,629c,448
629c,62a6,$90,fall_through,62a8,16
629c,62a6,$90,taken,627e,432
62a8,62ae,$90,fall_through,62b0,1
62a8,62ae,$90,taken,6269,15
62b0,62b0,$20,,63b3,1
62b3,62b3,$90,taken,62c3,1
62c3,62c3,$60,,60a4,1
630e,6314,$F0,taken,6345,1
6345,,,glide,6350,1
6350,6356,$D0,fall_through,6358,1
6350,6356,$D0,taken,6350,255
6358,6358,$60,,6267,1
63b3,,,glide,63b7,1
63b7,,,glide,63cc,16
63cc,63d0,$F0,fall_through,63d2,448
63d2,63d4,$D0,fall_through,63d6,5
63d2,63d4,$D0,taken,63f0,443
63d6,63da,$B0,fall_through,63dc,5
63dc,63ee,$F0,taken,6450,5
63f0,63f2,$D0,fall_through,63f4,14
63f0,63f2,$D0,taken,63f8,429
63f4,63f6,$D0,taken,6450,14
63f8,63fa,$D0,fall_through,63fc,3
63f8,63fa,$D0,taken,642a,426
63fc,6400,$B0,fall_through,6402,3
6402,6424,$D0,taken,6450,3
6426,6426,$10,taken,63b7,15
6428,6428,$10,taken,63cc,432
642a,642c,$D0,fall_through,642e,1
642a,642c,$D0,taken,644a,425
642e,6430,$10,fall_through,6432,1
6432,6448,$D0,taken,6450,1
644a,644c,$D0,taken,6450,425
6450,6450,$20,,82b0,448
6453,6457,$10,fall_through,6459,16
6453,6457,$10,taken,6428,432
6459,645d,$10,fall_through,645f,1
6459,645d,$10,taken,6426,15
645f,6461,$F0,fall_through,6463,1
6463,6465,$10,taken,648b,1
648b,648b,$20,,88a2,1
648e,,,glide,6492,1
6492,,,glide,64a0,16
64a0,64a4,$F0,fall_through,64a6,447
64a0,64a4,$F0,taken,64aa,1
64a6,64a8,$D0,fall_through,64aa,3
64a6,64a8,$D0,taken,64af,444
64aa,64ac,$20,,82b0,4
64af,64b3,$10,fall_through,64b5,16
64af,64b3,$10,taken,64a0,432
64b5,64b9,$10,fall_through,64bb,1
64b5,64b9,$10,taken,6492,15
64bb,64bc,$60,,62b3,1
64bd,64c3,$F0,fall_through,64c5,6
64bd,64c3,$F0,taken,64cd,79
64c5,64c5,$10,fall_through,64c7,6
64c7,64c7,$4C,,67e7,6
64cd,64df,$F0,fall_through,64e1,74
64cd,64df,$F0,taken,6522,5
64e1,64e3,$D0,taken,64eb,74
64eb,64ef,$90,fall_through,64f1,74
64f1,64f5,$F0,fall_through,64f7,74
64f7,650e,$F0,fall_through,6510,74
6510,6512,$F0,fall_through,6514,74
6514,6518,$F0,taken,6522,74
6522,6522,$4C,,6584,79
6584,6586,$D0,taken,658f,79
658f,6595,$20,,6a12,79
6598,659c,$D0,taken,65a4,79
65a4,65a6,$D0,taken,65ae,79
65ae,65b0,$D0,fall_through,65b2,1
65ae,65b0,$D0,taken,65b8,78
65b2,65b2,$20,,67db,1
65b5,65b5,$B0,fall_through,65b7,1
65b7,65b7,$60,,60e7,1
65b8,65ba,$D0,taken,65c2,78
65c2,65c6,$D0,fall_through,65c8,76
65c2,65c6,$D0,taken,65cb,2
65c8,65c8,$4C,,65d3,76
65cb,65cd,$D0,taken,65d2,2
65d2,65d2,$60,,60e7,2
65d3,65ea,$B0,fall_through,65ec,46
65d3,65ea,$B0,taken,6600,30
65ec,65ee,$F0,fall_through,65f0,46
65f0,65f5,$F0,fall_through,65f7,46
65f7,65f9,$F0,fall_through,65fb,46
65fb,65fd,$D0,taken,6600,46
6600,6600,$20,,6b85,76
6603,6603,$20,,8336,76
6606,660a,$20,,6c26,76
660d,660f,$10,fall_through,6611,15
660d,660f,$10,taken,662a,61
6611,6617,$D0,taken,661b,15
661b,6628,$D0,taken,662d,15
662a,662a,$20,,6b9d,61
662d,6633,$F0,fall_through,6635,76
6635,6639,$D0,taken,663f,76
663f,663f,$20,,6bf4,76
6642,6642,$4C,,6c02,76
67db,,,glide,67e7,1
67e7,67eb,$B0,fall_through,67ed,7
67ed,67ee,$20,,884b,7
67f1,67f3,$F0,fall_through,67f5,7
67f5,67fa,$D0,fall_through,67fc,7
67fc,67fe,$20,,884b,7
6801,6808,$D0,fall_through,680a,7
680a,680a,$20,,6b85,7
680d,680d,$20,,8336,7
6810,6810,$20,,6c13,7
6813,6813,$20,,6c26,7
6816,681e,$20,,87d5,7
6821,6827,$B0,fall_through,6829,6
6821,6827,$B0,taken,682b,1
6829,,,glide,682b,6
682b,682d,$20,,6c02,7
6830,6834,$F0,fall_through,6836,7
6836,6838,$F0,fall_through,683a,6
6836,6838,$F0,taken,684c,1
683a,6843,$20,,885d,6
6846,6847,$20,,8336,6
684a,,,glide,684c,6
684c,6859,$20,,885d,7
685c,685d,$20,,83a7,7
6860,6867,$20,,82aa,7
686a,686d,$60,,60e7,6
686a,686d,$60,,65b5,1
69b8,69bb,$30,fall_through,69bd,79
69bd,69c1,$F0,fall_through,69c3,79
69c3,69c6,$30,fall_through,69c8,79
69c8,69cb,$10,taken,69d6,79
69d6,69d8,$D0,fall_through,69da,3
69d6,69d8,$D0,taken,69f2,76
69da,,,glide,69f2,3
69f2,6a0a,$60,,6598,79
6a12,6a16,$F0,taken,69b8,79
6b85,6b89,$20,,888f,166
6b8c,6b92,$20,,887c,166
6b95,6b9c,$60,,6603,76
6b95,6b9c,$60,,680d,7
6b95,6b9c,$60,,6c05,83
6b9d,6ba1,$D0,fall_through,6ba3,16
6b9d,6ba1,$D0,taken,6bf3,46
6ba3,6ba7,$D0,fall_through,6ba9,16
6ba9,6bbb,$D0,fall_through,6bbd,1
6ba9,6bbb,$D0,taken,6bf3,15
6bbd,6bcd,$20,,82b0,1
6bd0,6bd4,$20,,885d,1
6bd7,6bd9,$20,,8336,1
6bdc,6be0,$20,,7a92,1
6be3,6be3,$20,,87e1,1
6bf3,6bf3,$60,,662d,61
6bf3,6bf3,$60,,6813,1
6bf4,6bf8,$90,taken,6bfd,76
6bfa,6bfc,$60,,6642,26
6bfd,6bff,$90,fall_through,6c01,50
6bfd,6bff,$90,taken,6bfa,26
6c01,6c01,$60,,6642,50
6c02,6c02,$20,,6b85,83
6c05,6c05,$20,,83a7,83
6c08,6c0a,$F0,taken,6c12,83
6c12,6c12,$60,,60e7,76
6c12,6c12,$60,,6830,7
6c13,6c17,$90,fall_through,6c19,6
6c13,6c17,$90,taken,6c20,1
6c19,6c19,$F0,taken,6c25,6
6c20,6c22,$4C,,6b9d,1
6c25,6c25,$60,,6813,6
6c26,6c2a,$90,fall_through,6c2c,83
6c2c,6c2c,$F0,taken,6c38,83
6c38,6c38,$60,,660d,76
6c38,6c38,$60,,6816,7
6c82,6c84,$F0,fall_through,6c86,84
6c86,6c8c,$90,fall_through,6c8e,28
6c86,6c8c,$90,taken,6c92,56
6c8e,,,glide,6c92,28
6c92,,,glide,6c97,84
6c97,6c99,$90,fall_through,6c9b,112
6c9b,6c9b,$20,,6cdb,112
6c9e,6ca0,$F0,fall_through,6ca2,112
6ca2,6ca4,$D0,fall_through,6ca6,84
6ca2,6ca4,$D0,taken,6c97,28
6ca6,6ca6,$60,,6114,84
6cdb,6ce1,$B0,fall_through,6ce3,37
6cdb,6ce1,$B0,taken,6ce7,75
6ce3,,,glide,6ce7,37
6ce7,6ce7,$20,,75ce,112
6cea,6cec,$30,fall_through,6cee,112
6cee,6cee,$F0,taken,6d08,112
6d08,6d1a,$F0,fall_through,6d1c,40
6d08,6d1a,$F0,taken,6d61,72
6d1c,6d1e,$D0,taken,6d26,40
6d26,6d2a,$90,fall_through,6d2c,40
6d2c,6d30,$F0,fall_through,6d32,40
6d32,6d49,$F0,fall_through,6d4b,40
6d4b,6d4d,$F0,fall_through,6d4f,40
6d4f,6d51,$F0,fall_through,6d53,40
6d53,6d57,$F0,fall_through,6d59,6
6d53,6d57,$F0,taken,6d61,34
6d59,6d5b,$F0,fall_through,6d5d,6
6d5d,6d5f,$D0,fall_through,6d61,6
6d61,6d61,$4C,,6e85,112
6e85,6e89,$20,,70d8,112
6e8c,6e96,$60,,6f39,76
6e8c,6e96,$60,,6fbc,26
6e8c,6e96,$60,,7047,10
6f26,6f26,$20,,74f7,60
6f29,6f2d,$20,,7574,76
6f30,6f30,$20,,74df,76
6f33,6f33,$20,,83a7,76
6f36,6f36,$4C,,75a8,76
6f39,6f3d,$90,fall_through,6f3f,48
6f39,6f3d,$90,taken,6f63,28
6f3f,6f43,$B0,fall_through,6f45,48
6f45,6f56,$F0,fall_through,6f58,48
6f58,6f5a,$F0,fall_through,6f5c,48
6f5c,6f5e,$D0,taken,6f63,48
6f63,6f63,$20,,74df,76
6f66,6f66,$20,,8336,76
6f69,6f69,$20,,7582,76
6f6c,6f85,$90,fall_through,6f87,16
6f6c,6f85,$90,taken,6fb9,60
6f87,6f87,$20,,753e,16
6f8a,6f90,$D0,taken,6f94,16
6f94,6faa,$D0,taken,6fae,16
6fae,6fb6,$4C,,6f29,16
6fb9,6fb9,$4C,,6f26,60
6fbc,6fd3,$B0,fall_through,6fd5,18
6fbc,6fd3,$B0,taken,6ff1,8
6fd5,6fd7,$F0,fall_through,6fd9,18
6fd9,6fde,$F0,fall_through,6fe0,18
6fe0,6fe2,$F0,fall_through,6fe4,18
6fe4,6fe6,$F0,fall_through,6fe8,18
6fe8,6fec,$D0,taken,6ff1,18
6ff1,6ff1,$20,,74df,26
6ff4,6ff4,$20,,8336,26
6ff7,6ff7,$20,,7595,26
6ffa,7000,$10,fall_through,7002,6
6ffa,7000,$10,taken,7026,20
7002,7002,$20,,753e,6
7005,700b,$D0,taken,700f,6
700f,7018,$D0,taken,701c,6
701c,7024,$D0,taken,7029,6
7026,7026,$20,,74f7,20
7029,702f,$F0,fall_through,7031,26
7031,7035,$D0,taken,703b,26
703b,703b,$20,,7574,26
703e,703e,$20,,74df,26
7041,7041,$20,,83a7,26
7044,7044,$4C,,75a8,26
7047,705e,$90,fall_through,7060,8
7047,705e,$90,taken,707e,2
7060,7064,$F0,fall_through,7066,8
7066,706b,$F0,fall_through,706d,8
706d,706f,$F0,fall_through,7071,8
7071,7073,$F0,fall_through,7075,8
7075,7079,$D0,taken,707e,8
707e,707e,$20,,74df,10
7081,7081,$20,,8336,10
7084,7084,$20,,7595,10
7087,7091,$90,fall_through,7093,2
7087,7091,$90,taken,70b7,8
7093,7093,$20,,753e,2
7096,709c,$D0,taken,70a0,2
70a0,70a9,$D0,taken,70ad,2
70ad,70b5,$F0,taken,70ba,2
70b7,70b7,$20,,74f7,8
70ba,70c0,$F0,fall_through,70c2,10
70c2,70c6,$D0,taken,70cc,10
70cc,70cc,$20,,7574,10
70cf,70cf,$20,,74df,10
70d2,70d2,$20,,83a7,10
70d5,70d5,$4C,,75a8,10
70d8,70ec,$D0,taken,70f7,112
70f7,70fb,$F0,fall_through,70fd,110
70f7,70fb,$F0,taken,7100,2
70fd,70fd,$4C,,7186,110
7100,7106,$B0,fall_through,7108,2
7108,711c,$F0,fall_through,711e,4
711e,7120,$F0,fall_through,7122,4
7122,7126,$F0,fall_through,7128,4
7128,7138,$F0,fall_through,713a,4
713a,713c,$F0,fall_through,713e,4
713e,7142,$D0,fall_through,7144,2
713e,7142,$D0,taken,7108,2
7144,7146,$60,,6e8c,2
7186,7192,$20,,743e,110
7195,7195,$20,,7275,110
7198,7198,$20,,71a2,110
719b,719b,$20,,720c,110
719e,71a0,$60,,6e8c,110
71a1,71a1,$60,,719b,110
71a2,71a6,$F0,fall_through,71a8,408
71a2,71a6,$F0,taken,71a1,110
71a8,71ac,$F0,fall_through,71ae,408
71ae,71be,$F0,fall_through,71c0,194
71ae,71be,$F0,taken,71da,214
71c0,71c2,$F0,fall_through,71c4,161
71c0,71c2,$F0,taken,71da,33
71c4,71c8,$20,,739d,161
71cb,71cd,$20,,72d4,161
71d0,71d2,$B0,fall_through,71d4,50
71d0,71d2,$B0,taken,71da,111
71d4,,,glide,71da,50
71da,71dc,$F0,fall_through,71de,408
71de,71ee,$D0,fall_through,71f0,26
71de,71ee,$D0,taken,7206,382
71f0,71f4,$20,,7300,26
71f7,71f9,$20,,72d4,26
71fc,71fe,$B0,taken,7206,26
7206,7208,$4C,,71a2,408
720b,720b,$60,,719e,110
720c,7210,$F0,fall_through,7212,850
720c,7210,$F0,taken,720b,110
7212,7216,$F0,fall_through,7218,850
7218,7228,$F0,fall_through,722a,422
7218,7228,$F0,taken,7244,428
722a,722c,$F0,fall_through,722e,389
722a,722c,$F0,taken,7244,33
722e,7232,$20,,739d,389
7235,7237,$20,,72d4,389
723a,723c,$B0,fall_through,723e,8
723a,723c,$B0,taken,7244,381
723e,,,glide,7244,8
7244,7246,$F0,fall_through,7248,850
7248,7258,$D0,fall_through,725a,98
7248,7258,$D0,taken,7270,752
725a,725e,$20,,7300,98
7261,7263,$20,,72d4,98
7266,7268,$B0,taken,7270,98
7270,7272,$4C,,720c,850
7275,7279,$F0,fall_through,727b,110
727b,728b,$F0,fall_through,728d,76
727b,728b,$F0,taken,72a7,34
728d,728f,$F0,fall_through,7291,76
7291,7295,$20,,739d,76
7298,729a,$20,,72d4,76
729d,729f,$B0,fall_through,72a1,76
72a1,,,glide,72a7,76
72a7,72a9,$F0,fall_through,72ab,110
72ab,72bb,$D0,fall_through,72bd,70
72ab,72bb,$D0,taken,72d3,40
72bd,72c1,$20,,7300,70
72c4,72c6,$20,,72d4,70
72c9,72cb,$B0,taken,72d3,70
72d3,72d3,$60,,7198,110
72d4,72d8,$D0,fall_through,72da,300
72d4,72d8,$D0,taken,72eb,520
72da,72dc,$90,fall_through,72de,221
72da,72dc,$90,taken,72e3,79
72de,72e2,$60,,723a,145
72de,72e2,$60,,729d,76
72e3,72ea,$60,,71d0,79
72eb,72eb,$90,taken,72f4,520
72f4,72fc,$60,,71d0,82
72f4,72fc,$60,,71fc,26
72f4,72fc,$60,,723a,244
72f4,72fc,$60,,7266,98
72f4,72fc,$60,,72c9,70
7300,,,glide,7304,194
7304,7314,$D0,fall_through,7316,586
7316,731a,$F0,fall_through,731c,556
7316,731a,$F0,taken,734a,30
731c,7321,$F0,fall_through,7323,473
731c,7321,$F0,taken,7340,83
7323,7325,$F0,fall_through,7327,473
7327,7329,$F0,fall_through,732b,473
732b,733e,$D0,fall_through,7340,50
732b,733e,$D0,taken,734a,423
7340,7346,$90,taken,7397,133
734a,734e,$F0,fall_through,7350,453
7350,7363,$F0,fall_through,7365,392
7350,7363,$F0,taken,7382,61
7365,7367,$F0,fall_through,7369,392
7369,736b,$F0,fall_through,736d,392
736d,7380,$D0,taken,738c,392
7382,7388,$90,taken,7397,61
738c,7390,$90,fall_through,7392,392
7392,7392,$4C,,7304,392
7397,7399,$60,,71f7,26
7397,7399,$60,,7261,98
7397,7399,$60,,72c4,70
739a,739c,$60,,71cb,161
739a,739c,$60,,7235,389
739a,739c,$60,,7298,76
739d,,,glide,73a1,626
73a1,73b1,$F0,fall_through,73b3,1791
73a1,73b1,$F0,taken,739a,626
73b3,73b5,$F0,fall_through,73b7,1791
73b7,73c9,$F0,fall_through,73cb,1276
73b7,73c9,$F0,taken,742d,515
73cb,73cd,$F0,fall_through,73cf,1153
73cb,73cd,$F0,taken,73fb,123
73cf,73d4,$F0,fall_through,73d6,765
73cf,73d4,$F0,taken,73f3,388
73d6,73e9,$F0,fall_through,73eb,675
73d6,73e9,$F0,taken,73f3,90
73eb,73ed,$F0,fall_through,73ef,675
73ef,73f1,$D0,fall_through,73f3,41
73ef,73f1,$D0,taken,73fb,634
73f3,73f9,$B0,fall_through,73fb,519
73fb,73ff,$B0,fall_through,7401,1276
7401,7406,$F0,fall_through,7408,960
7401,7406,$F0,taken,7425,316
7408,741b,$F0,fall_through,741d,870
7408,741b,$F0,taken,7425,90
741d,741f,$F0,fall_through,7421,829
741d,741f,$F0,taken,7425,41
7421,7423,$D0,taken,742d,829
7425,742b,$B0,fall_through,742d,447
742d,7433,$B0,fall_through,7435,1791
7435,7435,$4C,,73a1,1791
743e,,,glide,7444,110
7444,7446,$F0,fall_through,7448,418
7444,7446,$F0,taken,7490,46
7448,745b,$F0,fall_through,745d,408
7448,745b,$F0,taken,7490,10
745d,745f,$F0,fall_through,7461,408
7461,7463,$F0,fall_through,7465,387
7461,7463,$F0,taken,748a,21
7465,7467,$F0,fall_through,7469,332
7465,7467,$F0,taken,748a,55
7469,746d,$F0,fall_through,746f,332
746f,7480,$F0,fall_through,7482,139
746f,7480,$F0,taken,748a,193
7482,7484,$F0,fall_through,7486,106
7482,7484,$F0,taken,748a,33
7486,7488,$D0,fall_through,748a,52
7486,7488,$D0,taken,748e,54
748a,748c,$10,taken,7444,354
748e,,,glide,7490,54
7490,7494,$F0,fall_through,7496,870
7490,7494,$F0,taken,74de,53
7496,74a9,$F0,fall_through,74ab,850
7496,74a9,$F0,taken,74de,20
74ab,74ad,$F0,fall_through,74af,850
74af,74b1,$F0,fall_through,74b3,759
74af,74b1,$F0,taken,74d8,91
74b3,74b5,$F0,fall_through,74b7,473
74b3,74b5,$F0,taken,74d8,286
74b7,74bb,$F0,fall_through,74bd,473
74bd,74ce,$F0,fall_through,74d0,77
74bd,74ce,$F0,taken,74d8,396
74d0,74d2,$F0,fall_through,74d4,44
74d0,74d2,$F0,taken,74d8,33
74d4,74d6,$D0,fall_through,74d8,7
74d4,74d6,$D0,taken,74dc,37
74d8,74da,$10,taken,7490,813
74dc,,,glide,74de,37
74de,74de,$60,,7195,110
74df,74e3,$20,,888f,224
74e6,74ec,$20,,887c,224
74ef,74f6,$60,,6f33,76
74ef,74f6,$60,,6f66,76
74ef,74f6,$60,,6ff4,26
74ef,74f6,$60,,7041,26
74ef,74f6,$60,,7081,10
74ef,74f6,$60,,70d2,10
74f7,74fb,$D0,fall_through,74fd,66
74f7,74fb,$D0,taken,753d,30
74fd,7501,$D0,fall_through,7503,18
74fd,7501,$D0,taken,753d,48
7503,7515,$D0,taken,753d,18
753d,753d,$60,,6f29,60
753d,753d,$60,,6f6c,6
753d,753d,$60,,7029,20
753d,753d,$60,,7087,2
753d,753d,$60,,70ba,8
753e,7540,$10,taken,7573,24
7573,7573,$60,,6f8a,16
7573,7573,$60,,7005,6
7573,7573,$60,,7096,2
7574,7578,$90,fall_through,757a,4
7574,7578,$90,taken,757d,108
757a,757c,$60,,6f30,39
757a,757c,$60,,703e,8
757a,757c,$60,,70cf,4
757d,757f,$90,fall_through,7581,61
757d,757f,$90,taken,757a,47
7581,7581,$60,,6f30,37
7581,7581,$60,,703e,18
7581,7581,$60,,70cf,6
7582,7586,$90,fall_through,7588,74
7582,7586,$90,taken,758f,2
7588,7588,$F0,fall_through,758a,4
7588,7588,$F0,taken,7594,70
758a,758c,$4C,,74f7,4
758f,7591,$4C,,74f7,2
7594,7594,$60,,6f6c,70
7595,7599,$90,fall_through,759b,34
7595,7599,$90,taken,75a2,2
759b,759b,$F0,taken,75a7,34
75a2,75a4,$4C,,74f7,2
75a7,75a7,$60,,6ffa,26
75a7,75a7,$60,,7087,8
75a8,75cd,$60,,6c9e,112
75ce,75f3,$60,,6cea,112
75f4,75f4,$20,,7716,84
75f7,75fd,$90,fall_through,75ff,3
75f7,75fd,$90,taken,7603,81
75ff,,,glide,7603,3
7603,,,glide,7605,84
7605,760a,$D0,fall_through,760c,2604
760c,760c,$4C,,770d,2604
770d,7710,$30,fall_through,7712,2520
770d,7710,$30,taken,7715,84
7712,7712,$4C,,7605,2520
7715,7715,$60,,610a,84
7716,7718,$F0,fall_through,771a,84
771a,,,glide,771d,84
771d,7720,$F0,taken,7765,252
7765,7766,$D0,fall_through,7768,84
7765,7766,$D0,taken,771d,168
7768,776b,$60,,75f7,84
79ad,79ad,$20,,7a51,1
79b0,79b0,$20,,7a57,1
79b3,79b9,$F0,fall_through,79bb,1
79bb,79d9,$10,fall_through,79db,1
79bb,79d9,$10,taken,79bb,19
79db,79db,$30,taken,79fd,1
79fd,7a05,$20,,86e0,1
7a25,7a25,$20,,7a70,1
7a28,7a28,$20,,7a8c,1
7a2b,7a2e,$4C,,7a92,1
7a31,7a3d,$60,,82e4,4037
7a31,7a3d,$60,,8306,1617
7a3e,7a50,$60,,8355,1782
7a3e,7a50,$60,,837b,440
7a3e,7a50,$60,,83c8,1782
7a3e,7a50,$60,,83fa,440
7a3e,7a50,$60,,8a76,3424
7a3e,7a50,$60,,8a99,3503
7a3e,7a50,$60,,8abc,9495
7a3e,7a50,$60,,8adf,9540
7a51,7a55,$D0,taken,7a5b,1
7a57,,,glide,7a5b,1
7a5b,,,glide,7a64,2
7a64,7a67,$D0,fall_through,7a69,64
7a64,7a67,$D0,taken,7a64,16320
7a69,7a6d,$D0,fall_through,7a6f,2
7a69,7a6d,$D0,taken,7a64,62
7a6f,7a6f,$60,,79b0,1
7a6f,7a6f,$60,,79b3,1
7a70,,,glide,7a74,2
7a74,7a76,$20,,7af8,4
7a79,7a7f,$20,,7b15,4
7a82,7a84,$20,,7b15,4
7a87,7a89,$4C,,7b15,4
7a8c,7a90,$D0,taken,7a74,2
7a92,7ab4,$20,,7ae9,2
7ab7,7ab9,$20,,7b15,2
7abc,7abe,$20,,7ae9,2
7ac1,7ac3,$20,,7b15,2
7ac6,7ac8,$20,,7b15,2
7acb,7acd,$20,,7ae9,2
7ad0,7ad2,$20,,7b15,2
7ad5,7ad7,$20,,7b15,2
7ada,7adc,$20,,7ae9,2
7adf,7ae1,$20,,7b15,2
7ae4,7ae6,$4C,,7b15,2
7ae9,7af7,$60,,7ab7,2
7ae9,7af7,$60,,7ac1,2
7ae9,7af7,$60,,7ad0,2
7ae9,7af7,$60,,7adf,2
7af8,7b00,$90,taken,7b08,4
7b08,7b0a,$90,taken,7b12,4
7b12,7b14,$60,,7a79,4
7b15,7b1c,$F0,fall_through,7b1e,26
7b1e,7b1e,$20,,82aa,26
7b21,7b23,$60,,609c,1
7b21,7b23,$60,,6be3,1
7b21,7b23,$60,,7a28,1
7b21,7b23,$60,,7a2b,1
7b21,7b23,$60,,7a82,4
7b21,7b23,$60,,7a87,4
7b21,7b23,$60,,7abc,2
7b21,7b23,$60,,7ac6,2
7b21,7b23,$60,,7acb,2
7b21,7b23,$60,,7ad5,2
7b21,7b23,$60,,7ada,2
7b21,7b23,$60,,7ae4,2
7b21,7b23,$60,,88c8,1
7b21,7b23,$60,,88cb,1
7b2a,7b2c,$90,fall_through,7b2e,13
7b2a,7b2c,$90,taken,7b32,15
7b2e,7b30,$90,taken,7b60,13
7b32,7b36,$F0,taken,7b5f,15
7b5f,,,glide,7b60,15
7b60,7b63,$60,,7b6b,28
7b64,7b66,$F0,fall_through,7b68,28
7b68,7b68,$20,,7b2a,28
7b6b,7b6f,$F0,fall_through,7b71,28
7b71,7b71,$20,,82aa,28
7b74,7b76,$60,,86f1,28
82aa,82ae,$D0,taken,82b4,61
82b0,,,glide,82b4,453
82b4,82b8,$20,,885d,514
82bb,82bf,$20,,8868,514
82c2,82d0,$20,,8438,514
82d3,82dd,$B0,fall_through,82df,367
82d3,82dd,$B0,taken,8301,147
82df,82e1,$20,,7a31,4037
82e4,82fe,$D0,fall_through,8300,367
82e4,82fe,$D0,taken,82df,3670
8300,8300,$60,,6453,320
8300,8300,$60,,64af,3
8300,8300,$60,,686a,7
8300,8300,$60,,6bd0,1
8300,8300,$60,,7b21,16
8300,8300,$60,,7b74,20
8301,8303,$20,,7a31,1617
8306,8325,$D0,fall_through,8327,147
8306,8325,$D0,taken,8301,1470
8327,8327,$60,,6453,128
8327,8327,$60,,64af,1
8327,8327,$60,,7b21,10
8327,8327,$60,,7b74,8
8336,833a,$20,,8872,202
833d,8341,$20,,8438,202
8344,834e,$B0,fall_through,8350,162
8344,834e,$B0,taken,8376,40
8350,8352,$20,,7a3e,1782
8355,8373,$D0,fall_through,8375,162
8355,8373,$D0,taken,8350,1620
8375,8375,$60,,6606,54
8375,8375,$60,,6810,1
8375,8375,$60,,684a,6
8375,8375,$60,,6bdc,1
8375,8375,$60,,6f69,74
8375,8375,$60,,6ff7,18
8375,8375,$60,,7084,8
8376,8378,$20,,7a3e,440
837b,83a4,$D0,fall_through,83a6,40
837b,83a4,$D0,taken,8376,400
83a6,83a6,$60,,6606,22
83a6,83a6,$60,,6810,6
83a6,83a6,$60,,6f69,2
83a6,83a6,$60,,6ff7,8
83a6,83a6,$60,,7084,2
83a7,83ab,$20,,8872,202
83ae,83b2,$20,,8438,202
83b5,83c1,$B0,fall_through,83c3,162
83b5,83c1,$B0,taken,83f5,40
83c3,83c5,$20,,7a3e,1782
83c8,83f2,$D0,fall_through,83f4,162
83c8,83f2,$D0,taken,83c3,1620
83f4,83f4,$60,,6860,7
83f4,83f4,$60,,6c08,54
83f4,83f4,$60,,6f36,76
83f4,83f4,$60,,7044,18
83f4,83f4,$60,,70d5,7
83f5,83f7,$20,,7a3e,440
83fa,8435,$D0,fall_through,8437,40
83fa,8435,$D0,taken,83f5,400
8437,8437,$60,,6c08,29
8437,8437,$60,,7044,8
8437,8437,$60,,70d5,3
8438,,,glide,8455,918
8455,84be,$D0,fall_through,84c0,918
8455,84be,$D0,taken,8455,9180
84c0,84c0,$60,,82d3,514
84c0,84c0,$60,,8344,202
84c0,84c0,$60,,83b5,202
86b1,,,glide,86b5,156
86b5,,,glide,86b7,2206
86b7,86b8,$D0,fall_through,86ba,2206
86b7,86b8,$D0,taken,86b7,394874
86ba,86bb,$D0,fall_through,86bd,166
86ba,86bb,$D0,taken,86b5,2040
86bd,86bd,$60,,8830,10
86bd,86bd,$60,,8849,156
86e0,86e6,$D0,taken,86f1,1
86e8,86ec,$F0,fall_through,86ee,28
86e8,86ec,$F0,taken,86f9,1
86ee,86ee,$20,,7b64,28
86f1,86f3,$D0,taken,86e8,29
86f9,86ff,$60,,7a25,1
87ba,,,glide,87be,13
87be,87c0,$F0,taken,87c5,248
87c5,87c6,$D0,fall_through,87c8,53
87c5,87c6,$D0,taken,87cc,10409
87c8,87ca,$F0,fall_through,87cc,41
87c8,87ca,$F0,taken,87d4,12
87cc,87cd,$D0,fall_through,87cf,235
87cc,87cd,$D0,taken,87c5,10215
87cf,87d1,$4C,,87be,235
87d4,87d4,$60,,881e,12
87d5,87e0,$60,,6821,7
87e1,87e7,$D0,taken,8802,1
87e9,87ed,$F0,fall_through,87ef,6
87e9,87ed,$F0,taken,880a,1
87ef,87fe,$D0,taken,8802,6
8802,8804,$D0,taken,87e9,7
880a,8810,$60,,6bf3,1
8811,8813,$F0,fall_through,8815,13
8811,8813,$F0,taken,8832,156
8815,881b,$20,,87ba,13
881e,8828,$F0,fall_through,882a,11
881e,8828,$F0,taken,8830,1
882a,882a,$90,fall_through,882c,10
882a,882a,$90,taken,8830,1
882c,882d,$20,,86b5,10
8830,8831,$60,,60ee,9
8830,8831,$60,,6111,3
8832,8834,$D0,taken,8844,156
8844,8846,$20,,86b1,156
8849,884a,$60,,60ee,75
8849,884a,$60,,6111,81
884b,885c,$60,,67f1,7
884b,885c,$60,,6801,7
885d,8867,$60,,6846,6
885d,8867,$60,,685c,7
885d,8867,$60,,6bd7,1
885d,8867,$60,,82bb,514
885d,8867,$60,,8881,390
885d,8867,$60,,8894,390
8868,8871,$60,,82c2,514
8872,887b,$60,,833d,202
8872,887b,$60,,83ae,202
887c,887e,$20,,885d,390
8881,8889,$60,,6b95,166
8881,8889,$60,,74ef,224
888f,8891,$20,,885d,390
8894,889c,$60,,6b8c,166
8894,889c,$60,,74e6,224
88a2,88ac,$F0,taken,88bd,1
88bd,88c5,$20,,7a70,1
88c8,88c8,$20,,7a8c,1
88cb,88cb,$20,,88d7,169
88ce,88d4,$D0,fall_through,88d6,1
88ce,88d4,$D0,taken,88cb,168
88d6,88d6,$60,,648e,1
88d7,892a,$20,,8a45,169
892d,8935,$20,,8a45,169
8938,894a,$20,,8a45,169
894d,,,glide,8951,169
8951,8955,$90,fall_through,8957,10319
8957,8957,$F0,taken,8969,10319
8959,895d,$D0,fall_through,895f,83
8959,895d,$D0,taken,8968,86
895f,8963,$D0,fall_through,8965,83
8965,8965,$4C,,8a69,83
8968,8968,$60,,88ce,86
8969,896d,$B0,fall_through,896f,10150
8969,896d,$B0,taken,8959,169
896f,896f,$20,,8a69,10150
8972,8974,$10,fall_through,8976,5849
8972,8974,$10,taken,89a7,4301
8976,89a4,$4C,,8a14,5849
89a7,89e8,$D0,taken,89ec,4301
89ec,89ee,$D0,fall_through,89f0,37
89ec,89ee,$D0,taken,89f2,4264
89f0,,,glide,89f2,37
89f2,89f4,$10,fall_through,89f6,613
89f2,89f4,$10,taken,89fc,3688
89f6,,,glide,89fc,613
89fc,8a02,$D0,fall_through,8a04,611
89fc,8a02,$D0,taken,8a0a,3690
8a04,,,glide,8a0a,611
8a0a,8a10,$D0,fall_through,8a12,2
8a0a,8a10,$D0,taken,8a14,4299
8a12,,,glide,8a14,2
8a14,8a16,$D0,taken,8a1a,10150
8a1a,8a20,$D0,fall_through,8a22,1378
8a1a,8a20,$D0,taken,8a28,8772
8a22,,,glide,8a28,1378
8a28,8a2e,$D0,fall_through,8a30,44
8a28,8a2e,$D0,taken,8a32,10106
8a30,,,glide,8a32,44
8a32,8a34,$D0,taken,8a38,10150
8a38,8a3a,$10,fall_through,8a3c,1522
8a38,8a3a,$10,taken,8a42,8628
8a3c,,,glide,8a42,1522
8a42,8a42,$4C,,8951,10150
8a45,,,glide,8a4c,507
8a4c,8a53,$90,fall_through,8a55,1190
8a4c,8a53,$90,taken,8a5a,2866
8a55,8a57,$4C,,8a5c,1190
8a5a,,,glide,8a5c,2866
8a5c,8a5d,$D0,fall_through,8a5f,507
8a5c,8a5d,$D0,taken,8a4c,3549
8a5f,8a5f,$B0,fall_through,8a61,338
8a5f,8a5f,$B0,taken,8a64,169
8a61,,,glide,8a64,338
8a64,8a68,$60,,892d,169
8a64,8a68,$60,,8938,169
8a64,8a68,$60,,894d,169
8a69,8a6b,$D0,fall_through,8a6d,10197
8a69,8a6b,$D0,taken,8a8c,36
8a6d,8a71,$B0,fall_through,8a73,3424
8a6d,8a71,$B0,taken,8a8c,6773
8a73,8a73,$20,,7a3e,3424
8a76,8a7a,$B0,fall_through,8a7c,3424
8a7c,8a7e,$20,,8af6,3424
8a81,8a85,$B0,fall_through,8a87,3424
8a87,8a89,$20,,8af6,3424
8a8c,8a8e,$D0,fall_through,8a90,3503
8a8c,8a8e,$D0,taken,8aaf,6730
8a90,8a94,$B0,fall_through,8a96,3503
8a96,8a96,$20,,7a3e,3503
8a99,8a9d,$B0,fall_through,8a9f,3503
8a9f,8aa1,$20,,8af6,3503
8aa4,8aa8,$B0,fall_through,8aaa,3503
8aaa,8aac,$20,,8af6,3503
8aaf,8ab1,$D0,fall_through,8ab3,10233
8ab3,8ab7,$B0,fall_through,8ab9,9495
8ab3,8ab7,$B0,taken,8ad2,738
8ab9,8ab9,$20,,7a3e,9495
8abc,8ac0,$B0,fall_through,8ac2,7622
8abc,8ac0,$B0,taken,8ac7,1873
8ac2,8ac4,$20,,8af6,7622
8ac7,8acb,$B0,fall_through,8acd,7700
8ac7,8acb,$B0,taken,8ad2,1795
8acd,8acf,$20,,8af6,7700
8ad2,8ad4,$D0,fall_through,8ad6,9540
8ad2,8ad4,$D0,taken,8af5,693
8ad6,8ada,$B0,fall_through,8adc,9540
8adc,8adc,$20,,7a3e,9540
8adf,8ae3,$B0,fall_through,8ae5,7663
8adf,8ae3,$B0,taken,8aea,1877
8ae5,8ae7,$20,,8af6,7663
8aea,8aee,$B0,fall_through,8af0,7742
8aea,8aee,$B0,taken,8af5,1798
8af0,8af2,$4C,,8af6,7742
8af5,8af5,$60,,88ce,23
8af5,8af5,$60,,8972,2468
8af6,8af8,$D0,taken,8b02,44581
8b02,8b0b,$60,,88ce,60
8b02,8b0b,$60,,8972,7682
8b02,8b0b,$60,,8a81,3424
8b02,8b0b,$60,,8a8c,3424
8b02,8b0b,$60,,8aa4,3503
8b02,8b0b,$60,,8aaf,3503
8b02,8b0b,$60,,8ac7,7622
8b02,8b0b,$60,,8ad2,7700
8b02,8b0b,$60,,8aea,7663
