block_start_PC,block_end_PC,executions,innermost_loop,depth
0800,0803,1,-,0
2800,2813,1,-,0
2813,2821,1,-,0
2821,2828,33024,L01,1
2828,282f,129,L01,1
282f,2832,1,-,0
5f32,5f34,1,-,0
5f34,5f4b,4,L02,1
5f4b,5f54,32768,L03,2
5f54,5f61,128,L03,2
5f61,5f66,4,L02,1
5f66,5f69,1,-,0
5f7d,5f99,1,-,0
5f9a,5fa6,1,-,0
6056,6077,1,-,0
6099,609c,1,-,0
609c,60a4,1,-,0
60a4,60af,1,-,0
60bf,60e4,1,-,0
60e4,60e7,85,L04,1
60e7,60eb,85,L04,1
60eb,60ee,85,L04,1
60ee,60f2,84,L04,1
60f5,60f9,84,L04,1
6107,610a,84,L04,1
610a,610e,84,L04,1
610e,6111,84,L04,1
6111,6114,84,L04,1
6114,6118,84,L04,1
6118,611a,84,L04,1
6199,619b,289,L05,1
619b,619f,290,L05,1
619f,61a4,290,L05,1
61a4,61a9,290,L05,1
61a9,61ae,290,L05,1
61ae,61b1,290,L05,1
61b1,61b4,2,L05,1
61b4,61b8,1,-,0
61b8,61bc,1,-,0
61bc,61d0,1,-,0
