call_site,entry,return_site,return_target,outcome,count
,,62c3,60a4,unmatched,1
,,64bc,62b3,unmatched,1
,,65b7,60e7,unmatched,1
,,686d,60e7,unmatched,6
,,686d,65b5,unmatched,1
,,6b9c,680d,unmatched,1
,,6b9c,6c05,unmatched,7
,,6bf3,662d,unmatched,1
,,6c12,60e7,unmatched,1
,,6c12,6830,unmatched,7
,,6ca6,6114,unmatched,84
,,6e96,6f39,unmatched,76
,,6e96,6fbc,unmatched,26
,,6e96,7047,unmatched,10
,,71a0,6e8c,unmatched,110
,,71a1,719b,unmatched,82
,,720b,719e,unmatched,82
,,72d3,7198,unmatched,76
,,74f6,6f33,unmatched,76
,,74f6,6f66,unmatched,76
,,74f6,6ff4,unmatched,26
,,74f6,7041,unmatched,26
,,74f6,7081,unmatched,10
,,74f6,70d2,unmatched,10
,,75cd,6c9e,unmatched,112
,,7b23,609c,unmatched,1
,,7b23,6be3,unmatched,1
,,7b23,7a28,unmatched,1
,,7b23,7a2b,unmatched,1
,,7b23,7a82,unmatched,2
,,7b23,7a87,unmatched,2
,,7b23,7abc,unmatched,1
,,7b23,7ac6,unmatched,1
,,7b23,7acb,unmatched,1
,,7b23,7ad5,unmatched,1
,,7b23,7ada,unmatched,1
,,7b23,7ae4,unmatched,1
,,7b23,88c8,unmatched,1
,,7b23,88cb,unmatched,1
,,8300,7b21,unmatched,2
,,8327,7b21,unmatched,3
,,8437,6c08,unmatched,1
,,86ff,7a25,unmatched,1
,,8889,6b95,unmatched,7
,,8889,74ef,unmatched,224
,,889c,6b8c,unmatched,7
,,889c,74e6,unmatched,224
,,88d6,648e,unmatched,1
,,8968,88ce,unmatched,86
,,8af5,88ce,unmatched,23
,,8b0b,88ce,unmatched,60
6be3,87e1,8810,6bf3,redirected,1
60a1,6238,,,abandoned,1
62b0,63b3,,,abandoned,1
60e4,64bd,,,abandoned,8
65b2,67db,,,abandoned,1
680a,6b85,,,abandoned,1
6c02,6b85,,,abandoned,7
662a,6b9d,,,abandoned,1
682d,6c02,,,abandoned,7
6111,6c82,,,abandoned,84
6c9b,6cdb,,,abandoned,112
6e89,70d8,,,abandoned,110
7198,71a2,,,abandoned,82
719b,720c,,,abandoned,82
7195,7275,,,abandoned,76
6f30,74df,,,abandoned,76
6f63,74df,,,abandoned,76
6ff1,74df,,,abandoned,26
703e,74df,,,abandoned,26
707e,74df,,,abandoned,10
70cf,74df,,,abandoned,10
6099,79ad,,,abandoned,1
7a25,7a70,,,abandoned,1
88c5,7a70,,,abandoned,1
7a28,7a8c,,,abandoned,1
88c8,7a8c,,,abandoned,1
6be0,7a92,,,abandoned,1
7a7f,7b15,,,abandoned,2
7a84,7b15,,,abandoned,2
7ab9,7b15,,,abandoned,1
7ac3,7b15,,,abandoned,1
7ac8,7b15,,,abandoned,1
7ad2,7b15,,,abandoned,1
7ad7,7b15,,,abandoned,1
7ae1,7b15,,,abandoned,1
7b1e,82aa,,,abandoned,5
6c05,83a7,,,abandoned,1
7a05,86e0,,,abandoned,1
6b92,887c,,,abandoned,7
74ec,887c,,,abandoned,224
6b89,888f,,,abandoned,7
74e3,888f,,,abandoned,224
648b,88a2,,,abandoned,1
88cb,88d7,,,abandoned,169
6264,630e,6358,6267,matched,1
60e4,64bd,65d2,60e7,matched,2
60e4,64bd,6c12,60e7,matched,75
6595,6a12,6a0a,6598,matched,79
6600,6b85,6b9c,6603,matched,76
680a,6b85,6b9c,680d,matched,6
6c02,6b85,6b9c,6c05,matched,76
662a,6b9d,6bf3,662d,matched,60
663f,6bf4,6bfc,6642,matched,26
663f,6bf4,6c01,6642,matched,50
6810,6c13,6bf3,6813,matched,1
6810,6c13,6c25,6813,matched,6
660a,6c26,6c38,660d,matched,76
6813,6c26,6c38,6816,matched,7
6e89,70d8,7146,6e8c,matched,2
7198,71a2,71a1,719b,matched,28
719b,720c,720b,719e,matched,28
7195,7275,72d3,7198,matched,34
71cd,72d4,72ea,71d0,matched,79
71cd,72d4,72fc,71d0,matched,82
71f9,72d4,72fc,71fc,matched,26
7237,72d4,72e2,723a,matched,145
7237,72d4,72fc,723a,matched,244
7263,72d4,72fc,7266,matched,98
729a,72d4,72e2,729d,matched,76
72c6,72d4,72fc,72c9,matched,70
71f4,7300,7399,71f7,matched,26
725e,7300,7399,7261,matched,98
72c1,7300,7399,72c4,matched,70
71c8,739d,739c,71cb,matched,161
7232,739d,739c,7235,matched,389
7295,739d,739c,7298,matched,76
7192,743e,74de,7195,matched,110
6f26,74f7,753d,6f29,matched,60
7026,74f7,753d,7029,matched,20
70b7,74f7,753d,70ba,matched,8
6f87,753e,7573,6f8a,matched,16
7002,753e,7573,7005,matched,6
7093,753e,7573,7096,matched,2
6f2d,7574,757c,6f30,matched,39
6f2d,7574,7581,6f30,matched,37
703b,7574,757c,703e,matched,8
703b,7574,7581,703e,matched,18
70cc,7574,757c,70cf,matched,4
70cc,7574,7581,70cf,matched,6
6f69,7582,753d,6f6c,matched,6
6f69,7582,7594,6f6c,matched,70
6ff7,7595,75a7,6ffa,matched,26
7084,7595,753d,7087,matched,2
7084,7595,75a7,7087,matched,8
6ce7,75ce,75f3,6cea,matched,112
6107,75f4,7715,610a,matched,84
75f4,7716,776b,75f7,matched,84
82e1,7a31,7a3d,82e4,matched,4037
8303,7a31,7a3d,8306,matched,1617
8352,7a3e,7a50,8355,matched,1782
8378,7a3e,7a50,837b,matched,440
83c5,7a3e,7a50,83c8,matched,1782
83f7,7a3e,7a50,83fa,matched,440
8a73,7a3e,7a50,8a76,matched,3424
8a96,7a3e,7a50,8a99,matched,3503
8ab9,7a3e,7a50,8abc,matched,9495
8adc,7a3e,7a50,8adf,matched,9540
79ad,7a51,7a6f,79b0,matched,1
79b0,7a57,7a6f,79b3,matched,1
7ab4,7ae9,7af7,7ab7,matched,2
7abe,7ae9,7af7,7ac1,matched,2
7acd,7ae9,7af7,7ad0,matched,2
7adc,7ae9,7af7,7adf,matched,2
7a76,7af8,7b14,7a79,matched,4
7a7f,7b15,7b23,7a82,matched,2
7a84,7b15,7b23,7a87,matched,2
7ab9,7b15,7b23,7abc,matched,1
7ac3,7b15,7b23,7ac6,matched,1
7ac8,7b15,7b23,7acb,matched,1
7ad2,7b15,7b23,7ad5,matched,1
7ad7,7b15,7b23,7ada,matched,1
7ae1,7b15,7b23,7ae4,matched,1
7b68,7b2a,7b63,7b6b,matched,28
86ee,7b64,7b76,86f1,matched,28
6867,82aa,8300,686a,matched,7
7b1e,82aa,8300,7b21,matched,14
7b1e,82aa,8327,7b21,matched,7
7b71,82aa,8300,7b74,matched,20
7b71,82aa,8327,7b74,matched,8
6450,82b0,8300,6453,matched,320
6450,82b0,8327,6453,matched,128
64ac,82b0,8300,64af,matched,3
64ac,82b0,8327,64af,matched,1
6bcd,82b0,8300,6bd0,matched,1
6603,8336,8375,6606,matched,54
6603,8336,83a6,6606,matched,22
680d,8336,8375,6810,matched,1
680d,8336,83a6,6810,matched,6
6847,8336,8375,684a,matched,6
6bd9,8336,8375,6bdc,matched,1
6f66,8336,8375,6f69,matched,74
6f66,8336,83a6,6f69,matched,2
6ff4,8336,8375,6ff7,matched,18
6ff4,8336,83a6,6ff7,matched,8
7081,8336,8375,7084,matched,8
7081,8336,83a6,7084,matched,2
685d,83a7,83f4,6860,matched,7
6c05,83a7,83f4,6c08,matched,54
6c05,83a7,8437,6c08,matched,28
6f33,83a7,83f4,6f36,matched,76
7041,83a7,83f4,7044,matched,18
7041,83a7,8437,7044,matched,8
70d2,83a7,83f4,70d5,matched,7
70d2,83a7,8437,70d5,matched,3
82d0,8438,84c0,82d3,matched,514
8341,8438,84c0,8344,matched,202
83b2,8438,84c0,83b5,matched,202
8846,86b1,86bd,8849,matched,156
882d,86b5,86bd,8830,matched,10
881b,87ba,87d4,881e,matched,12
681e,87d5,87e0,6821,matched,7
60eb,8811,8831,60ee,matched,9
60eb,8811,884a,60ee,matched,75
610e,8811,8831,6111,matched,3
610e,8811,884a,6111,matched,81
67ee,884b,885c,67f1,matched,7
67fe,884b,885c,6801,matched,7
6843,885d,8867,6846,matched,6
6859,885d,8867,685c,matched,7
6bd4,885d,8867,6bd7,matched,1
82b8,885d,8867,82bb,matched,514
887e,885d,8867,8881,matched,390
8891,885d,8867,8894,matched,390
82bf,8868,8871,82c2,matched,514
833a,8872,887b,833d,matched,202
83ab,8872,887b,83ae,matched,202
6b92,887c,8889,6b95,matched,159
6b89,888f,889c,6b8c,matched,159
892a,8a45,8a68,892d,matched,169
8935,8a45,8a68,8938,matched,169
894a,8a45,8a68,894d,matched,169
896f,8a69,8af5,8972,matched,2468
896f,8a69,8b0b,8972,matched,7682
8a7e,8af6,8b0b,8a81,matched,3424
8a89,8af6,8b0b,8a8c,matched,3424
8aa1,8af6,8b0b,8aa4,matched,3503
8aac,8af6,8b0b,8aaf,matched,3503
8ac4,8af6,8b0b,8ac7,matched,7622
8acf,8af6,8b0b,8ad2,matched,7700
8ae7,8af6,8b0b,8aea,matched,7663
881b,87ba,,,open,1
60eb,8811,,,open,1
