tile_start_PC,tile_end_PC,length_bytes,executions
0800,0803,3,1
2800,2813,19,1
2813,2821,14,1
2821,2828,7,33024
2828,282f,7,129
282f,2832,3,1
5f32,5f34,2,1
5f34,5f4b,23,4
5f4b,5f54,9,32768
5f54,5f61,13,128
5f61,5f66,5,4
5f66,5f69,3,1
5f7d,5f99,28,1
5f9a,5fa6,12,1
6056,6077,33,1
6099,609c,3,1
609c,60a4,8,1
60a4,60af,11,1
60bf,60e4,37,1
60e4,60e7,3,85
60e7,60eb,4,85
60eb,60ee,3,85
60ee,60f2,4,84
60f5,60f9,4,84
6107,610a,3,84
610a,610e,4,84
610e,6111,3,84
6111,6114,3,84
6114,6118,4,84
6118,611a,2,84
6199,619b,2,289
619b,619f,4,290
619f,61a4,5,290
61a4,61a9,5,290
61a9,61ae,5,290
61ae,61b1,3,290
61b1,61b4,3,2
61b4,61b8,4,1
61b8,61bc,4,1
61bc,61d0,20,1
6238,6252,26,1
6252,6258,6,31
6258,625a,2,1
625a,6260,6,6
6260,6267,7,1
6267,6269,2,1
6269,627e,21,16
627e,6288,10,448
6288,628c,4,224
628c,6292,6,224
6292,629a,8,448
629c,62a8,12,448
62a8,62b0,8,16
62b0,62b3,3,1
62b3,62b5,2,1
62c3,62c4,1,1
630e,6316,8,1
6345,6350,11,1
6350,6358,8,256
6358,6359,1,1
63b3,63b7,4,1
63b7,63cc,21,16
63cc,63d2,6,448
63d2,63d6,4,448
63d6,63dc,6,5
63dc,63f0,20,5
63f0,63f4,4,443
63f4,63f8,4,14
63f8,63fc,4,429
63fc,6402,6,3
6402,6426,36,3
6426,6428,2,15
6428,642a,2,432
642a,642e,4,426
642e,6432,4,1
6432,644a,24,1
644a,644e,4,425
6450,6453,3,448
6453,6459,6,448
6459,645f,6,16
645f,6463,4,1
6463,6467,4,1
648b,648e,3,1
648e,6492,4,1
6492,64a0,14,16
64a0,64a6,6,448
64a6,64aa,4,447
64aa,64af,5,4
64af,64b5,6,448
64b5,64bb,6,16
64bb,64bd,2,1
64bd,64c5,8,85
64c5,64c7,2,6
64c7,64ca,3,6
64cd,64e1,20,79
64e1,64e5,4,74
64eb,64f1,6,74
64f1,64f7,6,74
64f7,6510,25,74
6510,6514,4,74
6514,651a,6,74
6522,6525,3,79
6584,6588,4,79
658f,6598,9,79
6598,659e,6,79
65a4,65a8,4,79
65ae,65b2,4,79
65b2,65b5,3,1
65b5,65b7,2,1
65b7,65b8,1,1
65b8,65bc,4,78
65c2,65c8,6,78
65c8,65cb,3,76
65cb,65cf,4,2
65d2,65d3,1,2
65d3,65ec,25,76
65ec,65f0,4,46
65f0,65f7,7,46
65f7,65fb,4,46
65fb,65ff,4,46
6600,6603,3,76
6603,6606,3,76
6606,660d,7,76
660d,6611,4,76
6611,6619,8,15
661b,662a,15,15
662a,662d,3,61
662d,6635,8,76
6635,663b,6,76
663f,6642,3,76
6642,6645,3,76
67db,67e7,12,1
67e7,67ed,6,7
67ed,67f1,4,7
67f1,67f5,4,7
67f5,67fc,7,7
67fc,6801,5,7
6801,680a,9,7
680a,680d,3,7
680d,6810,3,7
6810,6813,3,7
6813,6816,3,7
6816,6821,11,7
6821,6829,8,7
6829,682b,2,6
682b,6830,5,7
6830,6836,6,7
6836,683a,4,7
683a,6846,12,6
6846,684a,4,6
684a,684c,2,6
684c,685c,16,7
685c,6860,4,7
6860,686a,10,7
686a,686e,4,7
69b8,69bd,5,79
69bd,69c3,6,79
69c3,69c8,5,79
69c8,69cd,5,79
69d6,69da,4,79
69da,69f2,24,3
69f2,6a0b,25,79
6a12,6a18,6,79
6b85,6b8c,7,166
6b8c,6b95,9,166
6b95,6b9d,8,166
6b9d,6ba3,6,62
6ba3,6ba9,6,16
6ba9,6bbd,20,16
6bbd,6bd0,19,1
6bd0,6bd7,7,1
6bd7,6bdc,5,1
6bdc,6be3,7,1
6be3,6be6,3,1
6bf3,6bf4,1,62
6bf4,6bfa,6,76
6bfa,6bfd,3,26
6bfd,6c01,4,76
6c01,6c02,1,50
6c02,6c05,3,83
6c05,6c08,3,83
6c08,6c0c,4,83
6c12,6c13,1,83
6c13,6c19,6,7
6c19,6c1b,2,6
6c20,6c25,5,1
6c25,6c26,1,6
6c26,6c2c,6,83
6c2c,6c2e,2,83
6c38,6c39,1,83
6c82,6c86,4,84
6c86,6c8e,8,84
6c8e,6c92,4,28
6c92,6c97,5,84
6c97,6c9b,4,112
6c9b,6c9e,3,112
6c9e,6ca2,4,112
6ca2,6ca6,4,112
6ca6,6ca7,1,84
6cdb,6ce3,8,112
6ce3,6ce7,4,37
6ce7,6cea,3,112
6cea,6cee,4,112
6cee,6cf0,2,112
6d08,6d1c,20,112
6d1c,6d20,4,40
6d26,6d2c,6,40
6d2c,6d32,6,40
6d32,6d4b,25,40
6d4b,6d4f,4,40
6d4f,6d53,4,40
6d53,6d59,6,40
6d59,6d5d,4,6
6d5d,6d61,4,6
6d61,6d64,3,112
6e85,6e8c,7,112
6e8c,6e97,11,112
6f26,6f29,3,60
6f29,6f30,7,76
6f30,6f33,3,76
6f33,6f36,3,76
6f36,6f39,3,76
6f39,6f3f,6,76
6f3f,6f45,6,48
6f45,6f58,19,48
6f58,6f5c,4,48
6f5c,6f60,4,48
6f63,6f66,3,76
6f66,6f69,3,76
6f69,6f6c,3,76
6f6c,6f87,27,76
6f87,6f8a,3,16
6f8a,6f92,8,16
6f94,6fac,24,16
6fae,6fb9,11,16
6fb9,6fbc,3,60
6fbc,6fd5,25,26
6fd5,6fd9,4,18
6fd9,6fe0,7,18
6fe0,6fe4,4,18
6fe4,6fe8,4,18
6fe8,6fee,6,18
6ff1,6ff4,3,26
6ff4,6ff7,3,26
6ff7,6ffa,3,26
6ffa,7002,8,26
7002,7005,3,6
7005,700d,8,6
700f,701a,11,6
701c,7026,10,6
7026,7029,3,20
7029,7031,8,26
7031,7037,6,26
703b,703e,3,26
703e,7041,3,26
7041,7044,3,26
7044,7047,3,26
7047,7060,25,10
7060,7066,6,8
7066,706d,7,8
706d,7071,4,8
7071,7075,4,8
7075,707b,6,8
707e,7081,3,10
7081,7084,3,10
7084,7087,3,10
7087,7093,12,10
7093,7096,3,2
7096,709e,8,2
70a0,70ab,11,2
70ad,70b7,10,2
70b7,70ba,3,8
70ba,70c2,8,10
70c2,70c8,6,10
70cc,70cf,3,10
70cf,70d2,3,10
70d2,70d5,3,10
70d5,70d8,3,10
70d8,70ee,22,112
70f7,70fd,6,112
70fd,7100,3,110
7100,7108,8,2
7108,711e,22,4
711e,7122,4,4
7122,7128,6,4
7128,713a,18,4
713a,713e,4,4
713e,7144,6,4
7144,7147,3,2
7186,7195,15,110
7195,7198,3,110
7198,719b,3,110
719b,719e,3,110
719e,71a1,3,110
71a1,71a2,1,110
71a2,71a8,6,518
71a8,71ae,6,408
71ae,71c0,18,408
71c0,71c4,4,194
71c4,71cb,7,161
71cb,71d0,5,161
71d0,71d4,4,161
71d4,71da,6,50
71da,71de,4,408
71de,71f0,18,408
71f0,71f7,7,26
71f7,71fc,5,26
71fc,7200,4,26
7206,720b,5,408
720b,720c,1,110
720c,7212,6,960
7212,7218,6,850
7218,722a,18,850
722a,722e,4,422
722e,7235,7,389
7235,723a,5,389
723a,723e,4,389
723e,7244,6,8
7244,7248,4,850
7248,725a,18,850
725a,7261,7,98
7261,7266,5,98
7266,726a,4,98
7270,7275,5,850
7275,727b,6,110
727b,728d,18,110
728d,7291,4,76
7291,7298,7,76
7298,729d,5,76
729d,72a1,4,76
72a1,72a7,6,76
72a7,72ab,4,110
72ab,72bd,18,110
72bd,72c4,7,70
72c4,72c9,5,70
72c9,72cd,4,70
72d3,72d4,1,110
72d4,72da,6,820
72da,72de,4,300
72de,72e3,5,221
72e3,72eb,8,79
72eb,72ed,2,520
72f4,72fd,9,520
7300,7304,4,194
7304,7316,18,586
7316,731c,6,586
731c,7323,7,556
7323,7327,4,473
7327,732b,4,473
732b,7340,21,473
7340,7348,8,133
734a,7350,6,453
7350,7365,21,453
7365,7369,4,392
7369,736d,4,392
736d,7382,21,392
7382,738a,8,61
738c,7392,6,392
7392,7395,3,392
7397,739a,3,194
739a,739d,3,626
739d,73a1,4,626
73a1,73b3,18,2417
73b3,73b7,4,1791
73b7,73cb,20,1791
73cb,73cf,4,1276
73cf,73d6,7,1153
73d6,73eb,21,765
73eb,73ef,4,675
73ef,73f3,4,675
73f3,73fb,8,519
73fb,7401,6,1276
7401,7408,7,1276
7408,741d,21,960
741d,7421,4,870
7421,7425,4,829
7425,742d,8,447
742d,7435,8,1791
7435,7438,3,1791
743e,7444,6,110
7444,7448,4,464
7448,745d,21,418
745d,7461,4,408
7461,7465,4,408
7465,7469,4,387
7469,746f,6,332
746f,7482,19,332
7482,7486,4,139
7486,748a,4,106
748a,748e,4,354
748e,7490,2,54
7490,7496,6,923
7496,74ab,21,870
74ab,74af,4,850
74af,74b3,4,850
74b3,74b7,4,759
74b7,74bd,6,473
74bd,74d0,19,473
74d0,74d4,4,77
74d4,74d8,4,44
74d8,74dc,4,813
74dc,74de,2,37
74de,74df,1,110
74df,74e6,7,224
74e6,74ef,9,224
74ef,74f7,8,224
74f7,74fd,6,96
74fd,7503,6,66
7503,7517,20,18
753d,753e,1,96
753e,7542,4,24
7573,7574,1,24
7574,757a,6,112
757a,757d,3,51
757d,7581,4,108
7581,7582,1,61
7582,7588,6,76
7588,758a,2,74
758a,758f,5,4
758f,7594,5,2
7594,7595,1,70
7595,759b,6,36
759b,759d,2,34
75a2,75a7,5,2
75a7,75a8,1,34
75a8,75ce,38,112
75ce,75f4,38,112
75f4,75f7,3,84
75f7,75ff,8,84
75ff,7603,4,3
7603,7605,2,84
7605,760c,7,2604
760c,760f,3,2604
770d,7712,5,2604
7712,7715,3,2520
7715,7716,1,84
7716,771a,4,84
771a,771d,3,84
771d,7722,5,252
7765,7768,3,252
7768,776c,4,84
79ad,79b0,3,1
79b0,79b3,3,1
79b3,79bb,8,1
79bb,79db,32,20
79db,79dd,2,1
79fd,7a08,11,1
7a25,7a28,3,1
7a28,7a2b,3,1
7a2b,7a31,6,1
7a31,7a3e,13,5654
7a3e,7a51,19,30406
7a51,7a57,6,1
7a57,7a5b,4,1
7a5b,7a64,9,2
7a64,7a69,5,16384
7a69,7a6f,6,64
7a6f,7a70,1,2
7a70,7a74,4,2
7a74,7a79,5,4
7a79,7a82,9,4
7a82,7a87,5,4
7a87,7a8c,5,4
7a8c,7a92,6,2
7a92,7ab7,37,2
7ab7,7abc,5,2
7abc,7ac1,5,2
7ac1,7ac6,5,2
7ac6,7acb,5,2
7acb,7ad0,5,2
7ad0,7ad5,5,2
7ad5,7ada,5,2
7ada,7adf,5,2
7adf,7ae4,5,2
7ae4,7ae9,5,2
7ae9,7af8,15,8
7af8,7b02,10,4
7b08,7b0c,4,4
7b12,7b15,3,4
7b15,7b1e,9,26
7b1e,7b21,3,26
7b21,7b24,3,26
7b2a,7b2e,4,28
7b2e,7b32,4,13
7b32,7b38,6,15
7b5f,7b60,1,15
7b60,7b64,4,28
7b64,7b68,4,28
7b68,7b6b,3,28
7b6b,7b71,6,28
7b71,7b74,3,28
7b74,7b77,3,28
82aa,82b0,6,61
82b0,82b4,4,453
82b4,82bb,7,514
82bb,82c2,7,514
82c2,82d3,17,514
82d3,82df,12,514
82df,82e4,5,4037
82e4,8300,28,4037
8300,8301,1,367
8301,8306,5,1617
8306,8327,33,1617
8327,8328,1,147
8336,833d,7,202
833d,8344,7,202
8344,8350,12,202
8350,8355,5,1782
8355,8375,32,1782
8375,8376,1,162
8376,837b,5,440
837b,83a6,43,440
83a6,83a7,1,40
83a7,83ae,7,202
83ae,83b5,7,202
83b5,83c3,14,202
83c3,83c8,5,1782
83c8,83f4,44,1782
83f4,83f5,1,162
83f5,83fa,5,440
83fa,8437,61,440
8437,8438,1,40
8438,8455,29,918
8455,84c0,107,10098
84c0,84c1,1,918
86b1,86b5,4,156
86b5,86b7,2,2206
86b7,86ba,3,397080
86ba,86bd,3,2206
86bd,86be,1,166
86e0,86e8,8,1
86e8,86ee,6,29
86ee,86f1,3,28
86f1,86f5,4,29
86f9,8700,7,1
87ba,87be,4,13
87be,87c2,4,248
87c5,87c8,3,10463
87c8,87cc,4,53
87cc,87cf,3,10450
87cf,87d4,5,235
87d4,87d5,1,12
87d5,87e1,12,7
87e1,87e9,8,1
87e9,87ef,6,7
87ef,8800,17,6
8802,8806,4,7
880a,8811,7,1
8811,8815,4,169
8815,881e,9,13
881e,882a,12,12
882a,882c,2,11
882c,8830,4,10
8830,8832,2,12
8832,8836,4,156
8844,8849,5,156
8849,884b,2,156
884b,885d,18,14
885d,8868,11,1308
8868,8872,10,514
8872,887c,10,404
887c,8881,5,390
8881,888a,9,390
888f,8894,5,390
8894,889d,9,390
88a2,88ae,12,1
88bd,88c8,11,1
88c8,88cb,3,1
88cb,88ce,3,169
88ce,88d6,8,169
88d6,88d7,1,1
88d7,892d,86,169
892d,8938,11,169
8938,894d,21,169
894d,8951,4,169
8951,8957,6,10319
8957,8959,2,10319
8959,895f,6,169
895f,8965,6,83
8965,8968,3,83
8968,8969,1,86
8969,896f,6,10319
896f,8972,3,10150
8972,8976,4,10150
8976,89a7,49,5849
89a7,89ea,67,4301
89ec,89f0,4,4301
89f0,89f2,2,37
89f2,89f6,4,4301
89f6,89fc,6,613
89fc,8a04,8,4301
8a04,8a0a,6,611
8a0a,8a12,8,4301
8a12,8a14,2,2
8a14,8a18,4,10150
8a1a,8a22,8,10150
8a22,8a28,6,1378
8a28,8a30,8,10150
8a30,8a32,2,44
8a32,8a36,4,10150
8a38,8a3c,4,10150
8a3c,8a42,6,1522
8a42,8a45,3,10150
8a45,8a4c,7,507
8a4c,8a55,9,4056
8a55,8a5a,5,1190
8a5a,8a5c,2,2866
8a5c,8a5f,3,4056
8a5f,8a61,2,507
8a61,8a64,3,338
8a64,8a69,5,507
8a69,8a6d,4,10233
8a6d,8a73,6,10197
8a73,8a76,3,3424
8a76,8a7c,6,3424
8a7c,8a81,5,3424
8a81,8a87,6,3424
8a87,8a8c,5,3424
8a8c,8a90,4,10233
8a90,8a96,6,3503
8a96,8a99,3,3503
8a99,8a9f,6,3503
8a9f,8aa4,5,3503
8aa4,8aaa,6,3503
8aaa,8aaf,5,3503
8aaf,8ab3,4,10233
8ab3,8ab9,6,10233
8ab9,8abc,3,9495
8abc,8ac2,6,9495
8ac2,8ac7,5,7622
8ac7,8acd,6,9495
8acd,8ad2,5,7700
8ad2,8ad6,4,10233
8ad6,8adc,6,9540
8adc,8adf,3,9540
8adf,8ae5,6,9540
8ae5,8aea,5,7663
8aea,8af0,6,9540
8af0,8af5,5,7742
8af5,8af6,1,2491
8af6,8afa,4,44581
8b02,8b0c,10,44581
